"UUID","BPC_BPCNAM","BPC_BPCSHO","BPC_CNTNAM","BPC_BPCBPSNUM","BPC_VATEXN","BPC_BPCREM","BPC_ORDTEX","BPC_INVTEX","BPC_CREUSR","BPC_UPDUSR","BPC_BPCNUM","BPADES_0","BPAADDLIG_0","BPAADDLIG_1","BPAADDLIG_2","POSCOD_0","CTY_0","CRY_0","CRYNAM_0","BPR_BPRNAM","BPR_BPRSHO","BPR_EECNUM","BPR_CRN","BPR_NAF","BPR_BPRLOG","BPR_VATNUM","BPR_FISCOD","BPR_GRUGPY","BPR_GRUCOD","BPR_BPAADD","BPR_CNTNAM","BPR_BIDNUM","BPR_ACCNONREI","BPR_CREUSR","BPR_UPDUSR"
"9A9250650AE246769E82E3BF6DA33BB1","Easy Computer","EasyComput","ROMANDI"," "," "," "," "," "," ","ADMIN","CEURFR020","Easy Computer","4 route du Perthuis"," "," ","73200","Albertville","FR","France","Easy Computer","EasyComput"," "," ","72.5Z"," "," "," "," "," ","AD1","ROMANDI","15555105500492103289479","0","ADMIN","ADMIN"
"38723ACC982C40259E084809CB338122","Bicicletta Roma","Bicic.Roma","CONTI"," "," "," "," "," ","ADMIN","XJLT","CEURIT011","Biciclettas Roma","1, p. Forlanini"," "," ","00151","ROME","IT","Italie","Bicicletta Roma","Bicic.Roma","IT03196280246"," ","50.4z"," "," "," "," "," ","AD1","CONTI","X0542811101000000123456","0","ADMIN","XLD"
"A55D80A03F604311A7FBC4855C391523","Tutto sulla bicicletta","Tuttosulla","PASTRIANI"," "," "," "," "," ","ADMIN","XJLT","CEURIT012","Tutto sulla bicicletta","14, vl. Gramsci"," "," ","43100","PARME","IT","Italie","Tutto sulla bicicletta","Tuttosulla","IT13258950156"," ","50.4Z"," "," "," "," "," ","AD1","PASTRIANI","S0542811101000000123451","0","ADMIN","XCJ"
"151617B55A9E41668BC83A551E6213F2","Bicycle Adventure","BicycleAdv","PELHAM"," "," "," "," "," ","ADMIN","XJLT","CGBPGB013","Bicycle Adventure","346, Wilmslow Rd","Fallowfield","M14 6AB"," ","Manchester","GB","Royaume Uni","Bicycle Adventure","BicycleAdv","GB8039480"," ","50.4Z"," "," "," "," "," ","AD1","PELHAM","NWBK60161331926819","0","ADMIN","XLD"
"7CB39399884B415DADE128312533A28C","London Bicycle Shop","LondonShop","BOLTON"," "," "," "," "," ","ADMIN","XJLT","CGBPGB014","London Bicycle Shop","124, King Street"," ","W6 0QU"," ","Londres","GB","Royaume Uni","London Bicycle Shop","LondonShop","GB00063721"," ","50.4Z"," "," "," "," "," ","AD1","BOLTON","NWBK21018161331925","0","ADMIN","XLD"
"B9CAC3B1730842B38AFE2788D95133F4","AMIANO Manuel","AMIANO M.","AMIANO"," "," "," "," "," ","ADMIN","XJLT","CTTCES007","AMIANO Manuel","Pg. Vall d´Hebron, 176"," "," ","8035","Barcelone","ES","Espagne","AMIANO Manuel","AMIANO M."," "," "," "," "," "," "," "," ","AD1","AMIANO","21000418450200051332","0","ADMIN","ADSPA"
"208BC5D08FAA43459FC89203B28FF29E","DURIEUX Martin","DURIEUX M.","DURIEUX"," "," "," "," "," "," ","ADMIN","CTTCFR001","DURIEUX Martin","4 rue de la Croix-Blanche"," "," ","33000","BORDEAUX","FR","France","DURIEUX Martin","DURIEUX M."," "," "," "," "," "," "," "," ","AD1","DURIEUX","30002018408512674855022","0","ADMIN","ADMIN"
"BAE8DB562F54484880A6B74F7A3508CC","Computer Paris"," ","000000000000005"," "," "," "," "," "," ","ADMIN","F11","Site F11","140 avenue Thiers"," "," ","75001","PARIS 1ER ARRONDISSEMENT","FR","France","Computer Paris"," "," "," "," "," "," "," ","0123"," ","AD1","000000000000005","30004480581234123412360","0","ADMIN","ADMIN"
"7BAA2FA5FB174B928DFD44825A5322C5","OnicIndus","OnicIndus","POSATTO"," "," "," "," "," "," ","ADMIN","EURFR032","OnicIndus","Chemin Etre des Prés"," "," ","72000","LE MANS","FR","France","OnicIndus","OnicIndus"," "," ","30.0C"," "," "," "," "," ","AD1","POSATTO","13335003013456789012343","0","ADMIN","ADMIN"
"13050078C4BB41CCA1E6E126BE23EB39","Cycles François","Cycles F","FRANCOIS"," "," "," "," "," "," ","ADMIN","EURFR057","Cycles François","136 avenue de Labarde"," "," ","33000","BORDEAUX","FR","France","Cycles François","Cycles F"," "," ","50.4Z"," "," "," "," "," ","AD1","FRANCOIS","14318254152457893612257"," ","ADMIN","ADMIN"
"7B36ED5A5DAD4D63A2FC31F5664090F5","GANEVOL Nathalie","GANEVOL N.","GANEVOL"," "," "," "," "," ","ADMIN","ADMIN","PRO001"," ","34 rue Jules Ferry"," "," ","35130","MORDELLES","FR","France","GANEVOL Nathalie","GANEVOL N."," "," "," "," "," "," "," "," ","AD1","GANEVOL"," "," ","ADMIN","ADMIN"
"C45696114D2A46BFAD8050A240A81D21","Cycle Manudano","Cycle Manu"," "," "," "," "," "," ","ADMIN"," ","PRO003"," ","45 rue de la villette"," "," ","69006","LYON 6EME ARRONDISSEMENT","FR","France","Cycle Manudano","Cycle Manu"," "," "," ","Cycle Manu"," "," "," "," ","AD1","000000000000008"," ","0","ADMIN","XLD"
"1B30EC6DC999407BA277D3AB127C4303","FERRAND Roger","FERRAND R"," "," "," "," "," "," "," ","ADMIN","CTTCFR035","FERRAND Roger","6, rue de l'espoir"," "," ","75003","PARIS 3EME ARRONDISSEMENT","FR","France","FERRAND Roger","FERRAND R"," "," "," "," "," "," "," "," ","AD1"," ","30006013260520126237488","0","ADMIN","ADMIN"
"77F960ADF56F47B7883BE32C4CD01CDC","FOURNIER Arthur","FOURNIER A"," "," "," "," "," "," "," ","ADMIN","CTTCFR036","FOURNIER Arthur","456 avenue Thiers"," "," ","75005","PARIS 5EME ARRONDISSEMENT","FR","France","FOURNIER Arthur","FOURNIER A"," "," "," "," "," "," "," "," ","AD1"," ","30006013260152632012753"," ","ADMIN","ADMIN"
"3353559C4431421DB73716779F3C673B","VERDIER Emile","VERDIER E"," "," "," "," "," "," "," ","ADMIN","CTTCFR037","VERDIER Emile","56 boulevard des Capucins"," "," ","75013","PARIS 13EME ARRONDISSEMENT","FR","France","VERDIER Emile","VERDIER E"," "," "," "," "," "," "," "," ","AD1"," ","30006013260001236274571"," ","ADMIN","ADMIN"
"29665E7208F24847A0367FF07B1C541C","LOISEAU Bernadette","LOISEAU B"," "," "," "," "," "," "," ","ADMIN","CTTCFR038","LOISEAU Bernardette","68 avenue du Maréchal Ney"," "," ","75019","PARIS 19EME ARRONDISSEMENT","FR","France","LOISEAU Bernadette","LOISEAU B"," "," "," "," "," "," "," "," ","AD1"," ","30006026410120774589645"," ","ADMIN","ADMIN"
"3BDF5C4DC168464498CA0F418365C5D2","Bike City Bordeaux"," ","DUBOIS"," "," "," "," "," "," ","ADMIN","F22","Site Bordelais","57 rue Boileau"," "," ","33000","BORDEAUX","FR","France","Bike City Bordeaux"," "," "," "," "," "," "," ","0123"," ","AD1","DUBOIS","30003330588871125609179","0","ADMIN","ADMIN"
"65C9588417314FA7916944A2A89020EC","Bike City Strasbourg"," ","VENTURA"," "," "," "," "," "," ","ADMIN","F21","Site Strasbourgeois","135 rue de la Villette"," "," ","67000","STRASBOURG","FR","France","Bike City Strasbourg"," "," "," "," "," "," "," ","0123"," ","AD1","VENTURA","30002008006111265567830","0","ADMIN","ADMIN"
"BE699EF959BF432CBB4EFF05840BBB57","Graph computer ","Graphcomp ","MUSTER"," "," "," "," "," "," ","ADMIN","CEURFR021","Graph computer","350 avenue Jean Jaurès"," "," ","67000","STRASBOURG","FR","France","Graph computer ","Graphcomp "," "," ","72.5Z"," "," "," "," "," ","AD1","MUSTER","10067001061061064566690","0","ADMIN","ADMIN"
"864C01E44CB54DAFBB14A3C96C2F0FCF","ARANCIO ANGELA S.A.S.","ARANCIO"," "," "," "," "," "," "," ","ADMIN","CEURIT031","Sede Legale","VIA ROMA, 5"," "," ","40026","IMOLA","IT","Italie","ARANCIO ANGELA S.A.S.","ARANCIO"," "," "," ","AR. SAS"," "," "," "," ","SL"," "," ","0","ADMIN","ADMIN"
"80E0B7479A294B6FA86CF2E01BDDA1F1","Assogiochi Spa di Armando Luzzi","ASSOGIO"," "," "," "," "," "," "," ","ADMIN","CEURIT032","Sede Legale","Via Plebisciti, 65"," "," ","20129","MILANO","IT","Italie","Assogiochi Spa di Armando Luzzi","ASSOGIO"," "," "," ","Spa"," "," "," "," ","SL"," ","D0300201402000000015263","0","ADMIN","ADMIN"
"E2B8FE4664A14A2ABA5024BF9B2B7506","Computer Grenoble"," ","000000000000004"," "," "," "," "," "," ","ADMIN","F52","Site F52","52 Boulevard Jean Pain"," "," ","38000","GRENOBLE","FR","France","Computer Grenoble"," "," "," "," "," "," "," "," "," ","AD1","000000000000004","30004018882345691238746"," ","ADMIN","ADMIN"
"FE54C1A59E3D4A5699CB1442BB3F75F8","Bike City Metz"," ","VENTURA"," "," "," "," "," "," ","ADMIN","F61","Site F61","3 place Gabriel Hocquard"," "," ","57000","METZ","FR","France","Bike City Metz"," "," "," "," "," "," "," "," "," ","AD1","VENTURA","30002008006111265567830"," ","ADMIN","ADMIN"
"84C7DC69CEB74BCEBCCD4D7F839D2A86","DEF France","DEF France","BERIN"," "," "," "," "," "," ","ADMIN","CEURFR022","DEF France","5 avenue Maréchal Foch"," "," ","68000","COLMAR","FR","France","DEF France","DEF France"," "," ","72.5Z"," "," "," "," "," ","AD1","BERIN","10067001062244589666329","0","ADMIN","ADMIN"
"392A4C04A105499899F8D440D87101BC","Bike City Prod Porto"," ","FERREIRA"," "," "," "," "," "," ","ADMIN","P22"," "," "," "," "," "," ","FR","France","Bike City Prod Porto"," "," "," "," "," "," "," ","0123"," ","001","FERREIRA"," ","0","ERP","ADMIN"
"8CCFD773544C4BC1BCB6E668BA5119F2","Info Distribution"," ","PANIS"," "," "," "," "," "," ","ADMIN","F31","Site Marseillais","Chemin de St Jean du Désert"," "," ","13000","MARSEILLE","FR","France","Info Distribution"," "," "," "," "," "," "," ","0123"," ","AD1","PANIS","10107003492345678901219","0","ADMIN","ADMIN"
"D58C5385BEA243D4B78F1A09A05C135E","Cycle Pro","Cycle Pro","MAURICE"," "," "," "," "," "," ","ADMIN","EURFR001","Cycle Pro","4 rue des 36 ponts"," "," ","31000","TOULOUSE","FR","France","Cycle Pro","Cycle Pro"," "," ","50.4Z","Cycle Pro"," "," "," "," ","AD1","MAURICE","30004480581456789012313","0","ADMIN","ADMIN"
"734907213C174EDAB8CF8FFAE36AF3C2","NY Computers Inc.","NY Compute","PETERSON"," "," "," "," "," ","ADMIN","ADMIN","CUSDUS015","NY Computers Inc.","850 Park Ave"," "," ","10021","New York","US","Etats-Unis","NY Computers Inc.","NY Compute"," "," ","72.1Z"," "," "," "," "," ","AD1","PETERSON","09090893289829","0","ADMIN","XLD"
"03D1C75EE2E0494294021833EF14AD2D","Cycle Pro","Cycle Pro","MAURICE"," "," "," "," "," ","ADMIN","XJLT","CEURFR001","Cycle Pro","4 rue des 36 ponts"," "," ","31000","TOULOUSE","FR","France","Cycle Pro","Cycle Pro"," "," ","50.4Z","Cycle Pro"," "," "," "," ","AD1","MAURICE","30004480581456789012313","0","ADMIN","XLD"
"5A489D5EF5D44BCCA3B3F2A454BEA2DF","Sport loisirs","Sport LS","DEBARTHE"," "," "," "," "," "," ","ADMIN","CEURFR002","Sport Loisirs","3 avenue Jean Jaurès"," "," ","67000","STRASBOURG","FR","France","Sport loisirs","Sport LS"," "," ","50.4Z"," "," "," "," "," ","AD1","DEBARTHE","30004018881875234987775","0","ADMIN","ADMIN"
"8A9809E5B49F4FF3988DB1ACEB375D78","Le monde du cyclisme","MdeCyclism","RIBEIRA"," "," "," "," "," "," ","ADMIN","CEURFR003","Monde Cyclisme","10 avenue de la République"," "," ","33000","BORDEAUX","FR","France","Le monde du cyclisme","MdeCyclism"," "," ","50.4Z"," "," "," "," "," ","AD1","RIBEIRA","30004018888854236665560","0","ADMIN","ADMIN"
"6470F89ADE4742CEBF44C5176B0F80A6","Aventure Cycle","Avent.Cycl","DUBARRY"," "," "," "," "," "," ","ADMIN","CEURFR004","Aventure Cycle","11 avenue Michelet"," "," ","47000","AGEN","FR","France","Aventure Cycle","Avent.Cycl"," "," ","50.4Z"," "," "," "," "," ","AD1","DUBARRY","10107003498710945651119","0","ADMIN","ADMIN"
"EE410D8C34DD4838A8FD6F86A7E4E176","VTT Action","VTT Action","LEGALLOIS"," "," "," "," "," "," ","ADMIN","CEURFR005","VTT Action","57 avenue de la Somme"," "," ","33700","MERIGNAC","FR","France","VTT Action","VTT Action"," "," ","50.4Z","VTT Action"," "," "," "," ","AD1","LEGALLOIS","10107003495865234445685","0","ADMIN","ADMIN"
"F3B215F8700D455C9BCDF47479E8E37E","Lille Sports","LilleSport","DUGAS"," "," "," "," "," ","ADMIN","XJLT","CEURFR006","Lille Sports","127 rue de la Coquerie"," "," ","59000","LILLE","FR","France","Lille Sports","LilleSport","FR57309083046","66205529200012","50.4Z"," "," "," "," "," ","AD1","DUGAS","10107003495241117899964","0","ADMIN","XLD"
"3479896E13C04AB49F3F71873BF8A72F","Cyclisme Avenue","Cyclisme A","LAFLEUR"," "," "," "," "," "," ","ADMIN","CEURFR007","Cyclisme Avenue","3 rue Jean Chabaneix"," "," ","16000","ANGOULEME","FR","France","Cyclisme Avenue","Cyclisme A"," "," ","50.4Z"," "," "," "," "," ","AD1","LAFLEUR","30002008008543217569955","0","ADMIN","ADMIN"
"B4BA2ED1551C441B96A11690C6413CCE","La Rue du Sport","Rue Sport","COLOMBE"," "," "," "," "," "," ","ADMIN","CEURFR008","La Rue du Sport","7 rue Robert Schuman"," "," ","68000","COLMAR","FR","France","La Rue du Sport","Rue Sport"," "," ","50.4Z"," "," "," "," "," ","AD1","COLOMBE","30002074659981541112028","0","ADMIN","ADMIN"
"0230FA52ABBD458EB31E041204C53A78","Vélos Passion","VélosPassi","LAMOLIE"," "," "," "," "," "," ","ADMIN","CEURFR009","Vélos Passion","99 boulevard de l'Europe"," "," ","57000","METZ","FR","France","Vélos Passion","VélosPassi"," "," ","50.4Z"," "," "," "," "," ","AD1","LAMOLIE","30002074653456789012320","0","ADMIN","ADMIN"
"EE809098F27C462BB62162CC6F9AA24B","Montagne VTT","MontagnVTT","HERBIER"," "," "," "," "," "," ","ADMIN","CEURFR010","Montagne VTT","10 rue Emile Bertin"," "," ","54000","NANCY","FR","France","Montagne VTT","MontagnVTT"," "," ","50.4Z"," "," "," "," "," ","AD1","HERBIER","30002074652345678901259","0","ADMIN","ADMIN"
"324A4F611B1F42AE9A92F1763B7A90C6","Informatique Pro","Informatiq","TRIPOREAU"," "," "," "," "," "," ","ADMIN","CEURFR018","Informatique Pro","1 rue Arago"," "," ","42000","ST ETIENNE","FR","France","Informatique Pro","Informatiq"," "," ","72.1Z"," "," "," "," "," ","AD1","TRIPOREAU","30998480051200009512835","0","ADMIN","ADMIN"
"9DC8E56F9F294E8BB5C6C4E36D8FC8EF","Ordi Delta","Ordi Delta","CHESNEL"," "," "," "," "," "," ","ADMIN","CEURFR019","Ordi Delta","3 avenue Lacassagne"," "," ","69100","VILLEURBANNE","FR","France","Ordi Delta","Ordi Delta"," "," ","51.8G"," "," "," "," "," ","AD1","CHESNEL","30007049708111900177772","0","ADMIN","ADMIN"
"0F638C85E16943C4B5007BE5EA4F94B0","分销公司","CNF12CN"," "," "," "," "," "," "," ","ADMIN","CCNYCN039","F31CN"," "," "," "," "," ","CN","Chine","分销公司","CNF12CN"," "," "," "," "," "," "," "," ","F31"," ","10107003492345678901219"," ","ADCHI","ADMIN"
"13E82D4D303C434B8BDF8676CB94979D","MESSAGER Yves","MESSAGER Y"," "," "," "," "," "," "," ","ADMIN","CTTCFR021","MESSAGER Yves","13 quai du Port"," "," ","13002","MARSEILLE 2EME ARRONDISSE","FR","France","MESSAGER Yves","MESSAGER Y"," "," "," "," "," "," "," "," ","AD1"," ","30012014750126396802D55","0","ADMIN","ADMIN"
"97F4618BE56148FF990403EA38AC7779","GABORIO Emilio","GABORIO E."," "," "," "," "," "," "," ","ADMIN","CTTCFR022","GABORIO Emilio","4 chemin Saint Louis au Rove"," "," ","13015","MARSEILLE 15EME ARRONDISS","FR","France","GABORIO Emilio","GABORIO E."," "," "," "," "," "," "," "," ","AD1"," ","30012014750236257488188","0","ADMIN","ADMIN"
"F6D3DAFF97D94BCE90E4D1E23E126B50","MERLIN Gilles","MERLIN G."," "," "," "," "," "," "," ","ADMIN","CTTCFR023","MERLIN Gilles","17 boulevard Ledru Rollin"," "," ","13015","MARSEILLE 15EME ARRONDISS","FR","France","MERLIN Gilles","MERLIN G."," "," "," "," "," "," "," "," ","AD1"," ","30012019620326012015443","0","ADMIN","ADMIN"
"BE4E7FC8C5A54F5FAB1A70FDBD2EEBAD","CAMUS Julie","CAMUS J."," "," "," "," "," "," "," ","ADMIN","CTTCFR025","CAMUS Julie","27 boulevard Ferdinand de Lessep"," "," ","13003","MARSEILLE 3EME ARRONDISSE","FR","France","CAMUS Julie","CAMUS J."," "," "," "," "," "," "," "," ","AD1"," ","30006302682622123521260","0","ADMIN","ADMIN"
"5236332E05824599891CA6E33FBAE73A","COLETTE Amélie","COLETTE A."," "," "," "," "," "," "," ","ADMIN","CTTCFR026","COLETTE Amélie","1 rue Clovis Hugues"," "," ","13003","MARSEILLE 3EME ARRONDISSE","FR","France","COLETTE Amélie","COLETTE A."," "," "," "," "," "," "," "," ","AD1"," ","30006302680126023521524","0","ADMIN","ADMIN"
"BA0F584B723A4922B65924EA89A4ECD2","DELILLE Christophe","DELILLE C."," "," "," "," "," "," "," ","ADMIN","CTTCFR027","DELILLE Christophe","3 rue Bernard du Bois"," "," ","13001","MARSEILLE 1ER ARRONDISSEM","FR","France","DELILLE Christophe","DELILLE C."," "," "," "," "," "," "," "," ","AD1"," ","30006302680236230257473","0","ADMIN","ADMIN"
"7A58C60146714049A817CD1381082E07","GRANIER Jean-Claude","GRANIER J."," "," "," "," "," "," "," ","ADMIN","CTTCFR029","GRANIER Jean-Claude","7 rue de la République"," "," ","13002","MARSEILLE 2EME ARRONDISSE","FR","France","GRANIER Jean-Claude","GRANIER J."," "," "," "," "," "," "," "," ","AD1"," ","30006019450125748521077","0","ADMIN","ADMIN"
"438EE38536B64C6FAD3038F8C8578ED2","GUERIN Michel","GUERIN M."," "," "," "," "," "," "," ","ADMIN","CTTCFR030","GUERIN Michel","3 place Pierre Bellot"," "," ","13190","ALLAUCH","FR","France","GUERIN Michel","GUERIN M."," "," "," "," "," "," "," "," ","AD1"," ","30006019450236285975616","0","ADMIN","ADMIN"
"D7EE986D2CA246108BCC70278D6E6C82","LACOSTE Luc","LACOSTE L."," "," "," "," "," "," "," ","ADMIN","CTTCFR031","LACOSTE Luc","16 allée Paul Berard"," "," ","13260","CASSIS","FR","France","LACOSTE Luc","LACOSTE L."," "," "," "," "," "," "," "," ","AD1"," ","30006019450126320045A74","0","ADMIN","ADMIN"
"B73F567F83CE418A83125C6E9F230A83","LE ROYER Anne-Sophie","LE ROYER A"," "," "," "," "," "," "," ","ADMIN","CTTCFR032","LE ROYER Anne-Sophie","23 rue Bernard Palissy"," "," ","13400","AUBAGNE","FR","France","LE ROYER Anne-Sophie","LE ROYER A"," "," "," "," "," "," "," "," ","AD1"," ","30006019450000001285J48","0","ADMIN","ADMIN"
"4DF93E0A3DAE4AB99B5F23501167D7B8","ROBERT Dominique","ROBERT D."," "," "," "," "," "," "," ","ADMIN","CTTCFR034","ROBERT Dominique","13 boulevard Carnot"," "," ","13120","GARDANNE","FR","France","ROBERT Dominique","ROBERT D."," "," "," "," "," "," "," "," ","AD1"," ","30006019452023020623641","0","ADMIN","ADMIN"
"BAE8DB562F54484880A6B74F7A3508CC","Computer Paris"," ","000000000000005"," "," "," "," "," "," ","ADMIN","F11","Site F11","140 avenue Thiers"," "," ","75001","PARIS 1ER ARRONDISSEMENT","FR","France","Computer Paris"," "," "," "," "," "," "," ","0123"," ","AD1","000000000000005","30004480581234123412360","0","ADMIN","ADMIN"
"9CCB9026F9D14AE387E300D319BF9765","Computer Lyon"," ","000000000000004"," "," "," "," "," "," ","ADMIN","F12","Site F12","321 cours Lafayette"," "," ","69001","LYON 1ER ARRONDISSEMENT","FR","France","Computer Lyon"," "," "," "," "," "," "," ","0123"," ","AD1","000000000000004","30004018882345691238746","0","ADMIN","ADMIN"
"7BBBE273D00C455B8440D1A15AB97688","Wagram Informatique","Wagraminfo"," "," "," "," "," "," "," ","ADMIN","CEURFR025"," ","160, avenue Wagram"," "," ","75017","PARIS 17EME ARRONDISSEMENT","FR","France","Wagram Informatique","Wagraminfo"," "," "," "," "," "," "," "," ","C01"," ","30002001780278784745464","0","ADMIN","ADMIN"
"8DA0AFF953A146F587B5729EEB700EF4","LEPETIT Emile","LEPETIT E."," "," "," "," "," "," "," ","ADMIN","CTTCFR040"," ","67, rue Pouchet"," "," ","75017","PARIS 17EME ARRONDISSEMENT","FR","France","LEPETIT Emile","LEPETIT E."," "," "," "," "," "," "," "," ","C01"," ","30006026410002362012S08"," ","ADMIN","ADMIN"
"72593F0E30004A8390060651042327A1","Info services","Infoserv"," "," "," "," "," "," "," ","ADMIN","CEURFR027"," "," "," "," ","01000","ST DENIS LES BOURG","FR","France","Info services","Infoserv"," "," "," ","sa"," "," "," "," ","001"," "," ","0","ADMIN","ADMIN"
"8264F02AAFD34957AE566808918F5388","United computer","United co","REPRES019"," "," "," "," "," ","ADMIN","XJLT","CUSD  028"," "," "," "," ","75009","PARIS 9EME ARRONDISSEMENT","FR","Francia","United computer","United co"," "," "," "," "," "," "," "," ","001","REPRES019"," ","0","ADMIN","ADSPA"
"65C9588417314FA7916944A2A89020EC","Bike City Strasbourg"," ","VENTURA"," "," "," "," "," "," ","ADMIN","F21","Site Strasbourgeois","135 rue de la Villette"," "," ","67000","STRASBOURG","FR","France","Bike City Strasbourg"," "," "," "," "," "," "," ","0123"," ","AD1","VENTURA","30002008006111265567830","0","ADMIN","ADMIN"
"3F3BCD68255B46E2903BF2008B915BEF","Florida","Florida"," "," "," "," "," "," "," ","ADMIN","F2002","Florida Distributor","123 Boulevard Avenue"," "," ","12122","Tampa","US","Etats-Unis","Florida","Florida"," "," "," ","F2002"," "," "," "," ","FL"," "," ","0","XLD","ADMIN"
"40066F11E0DF4178B75C6933DC2A73A9","Crown Ltd","Crown"," "," "," "," "," "," "," ","ADMIN","BPC-000012","Head Office","25, Stanley St"," "," ","RG56 7UY","Pangbourne","GB","Royaume Uni","Crown Ltd","Crown"," "," ","     "," "," "," "," "," ","HO"," "," ","0","XBK","ADMIN"
"368C3E0A3F344CBB8120D58D4EECE878","Mace Supplies","Mace"," "," "," "," "," "," "," ","ADMIN","BPC-000011","Head Office","25, Melbourne Road"," "," "," ","Sydney","AU","Australie","Mace Supplies","Mace"," "," ","     "," "," "," "," "," ","HO"," "," ","0","XBK","ADMIN"
"F6146F1C1CA2487493CCBAC21805B4AA","Subcont Pintura","Subcon MAD"," "," "," "," "," "," "," ","ADMIN","BPS-SUBCONT"," "," "," "," ","28001","MADRID","ES","Espagne","Subcont Pintura","Subcon MAD"," "," "," "," "," "," "," "," ","001"," "," ","0","XCJ","ADMIN"
"3021AD3B32364C41AFC2615930D5C714","Gattos Bike Shop","Gattos"," "," "," "," "," "," ","XLD","XLD","BPC-000007"," ","Gattos Bike Shop","124 Wexford Run Road"," ","15143","Sewickley","US","United States of America","Gattos Bike Shop","Gattos"," "," ","     ","GATTOS"," "," "," "," ","1"," "," ","0","XLD","XLD"
"6C24492B44514EB18D0F2D47534AA1F2","Client MST","Client MST","000000000000018"," "," "," "," "," "," ","ADMIN","CLIENTMST1"," ","111 rue des charmettes"," "," ","69006","LYON 6EME ARRONDISSEMENT","FR","France","Client MST","Client MST"," "," "," "," "," "," "," "," ","AD1","000000000000018"," ","0","MST","ADMIN"
"98C7A92630CA4615A286107B3CFCDE11","Cycles Guerrot","Cycles Gue","000000000000018"," "," "," "," "," ","MST"," ","MST002"," ","111 rue des charmettes"," "," ","69006","LYON 6EME ARRONDISSEMENT","FR","France","Cycles Guerrot","Cycles Gue"," "," "," "," "," "," "," "," ","AD1","000000000000018"," ","0","MST","XLD"
"089E42E5B4FA45B38E7FB7F458656263","Mikes Bikes","Mikes Bike"," "," "," "," "," "," "," ","ADMIN","BPC-000001"," ","12 Frith Street","Belamy"," ","BL1 3VB"," ","GB","Royaume Uni","Mikes Bikes","Mikes Bike"," "," "," "," "," "," "," "," ","1"," "," ","0","XCD","ADMIN"
"B469749F41BE4109919DCECE1E4904B2","Cycle World","CycleWorld"," ","BIS-001"," "," "," "," "," ","ADMIN","BPC-000005"," ","123 Africa Street","Laos"," "," "," ","GB","Royaume Uni","Cycle World","CycleWorld"," "," ","     "," "," "," "," "," ","1"," "," ","0","XCD","ADMIN"
"0D6EE923C37441B494B3CAABD8C01217","Training site T93","Training","000000000000007"," "," "," "," "," ","MST"," ","T93","Site T93","Anfield Road"," "," "," "," ","GB","United Kingdom","Training site T93","Training"," "," "," "," "," "," "," "," ","AD1","000000000000007"," ","0","MST","XLD"
"8A495F7FE4534FE3843326053C4BD818","Estabel. Portugal","Est. Port."," "," "," "," "," "," "," ","ADMIN","E120","Estab. Portugal"," "," "," "," "," ","PT","Portugal","Estabel. Portugal","Est. Port."," ","500618482"," "," "," "," "," "," ","M1"," "," ","0","ADBRI","ADMIN"
"4E6C3A0D0D7F40009198D5AC8B1E2BBF","Planta Barcelona","Planta Bcn","000000000000032"," "," "," "," "," ","XCJ","XCJ","C101","Sede Barcelona","Paseo de la Gracia 15"," "," ","08012","BARCELONA","ES","España","Planta Barcelona","Planta Bcn"," "," "," "," "," "," "," "," ","001","000000000000032","00000000000000000000","0","XCJ","XLD"
"9578E48917424DF29349E4EB9660B438","Regal Enterprises","Regal","KING"," "," "," "," "," ","XBK","XBK","ACTR001","Head Office","Schloss Strasse, 35"," "," ","2233","Dusselburg","DE","Germany","Regal Enterprises","Regal","DE1234567","      ","     "," "," "," "," "," ","HO","KING"," ","0","XBK","XLD"
"332ACAA50AAE42779E88F35FF9ADC756","Mace Supplies","Mace"," "," "," "," "," "," "," ","ADMIN","ACTR003","Head Office","25, Stanley St"," "," ","RG56 7UY","Pangbourne","GB","Royaume Uni","Mace Supplies","Mace"," "," ","     "," "," "," "," "," ","HO"," "," ","0","XBK","ADMIN"
"4E6C3A0D0D7F40009198D5AC8B1E2BBF","Planta Barcelona","Planta Bcn","000000000000032"," "," "," "," "," ","XCJ","XCJ","C101","Sede Barcelona","Paseo de la Gracia 15"," "," ","08012","BARCELONA","ES","España","Planta Barcelona","Planta Bcn"," "," "," "," "," "," "," "," ","001","000000000000032","00000000000000000000","0","XCJ","XLD"
"87219BBC55704065B6DDDDD25BB18A98","Salford","Salford","000000000000012"," "," "," "," "," "," ","ADMIN","B21","Salford","Salford","Manchester"," ","M62 1XX","Salford","GB","Royaume Uni","Salford","Salford"," "," "," "," "," "," "," "," ","1","000000000000012"," ","0","ADBRI","ADMIN"
"0C75C821373A4016981149A3415BFDF6","Newcastle","Newcastle","000000000000012"," "," "," "," "," "," ","ADMIN","B20","North Park","North Park","New Castle"," ","NE13 9AA","NewCastle","GB","Royaume Uni","Newcastle","Newcastle"," "," "," "," "," "," "," "," ","1","000000000000012"," ","0","ADBRI","ADMIN"
"BBB70B7C793544939757662D2A62715A","Regal Enterprises","Regal","KING"," "," "," "," "," ","XBK","ADPOR","BPC-000010","Head Office","Schloss Strasse, 35"," "," ","2233","Dusselburg","DE","Germany","Regal Enterprises","Regal","DE1234567"," ","     "," "," "," "," "," ","HO","KING"," ","0","XBK","XLD"
"2A13BEEF379742EF95A8955D0DC7CC8E","Vélos maintenance","Vélo maint"," "," "," "," "," "," "," ","ADMIN","CEURFR040","Espace Vélos","31 av Ancien Champ de Mars"," "," ","66000","PERPIGNAN","FR","France","Vélos maintenance","Vélo maint"," "," ","50.4Z"," "," "," "," "," ","AD1"," ","15555105501254889966551"," ","ADMIN","ADMIN"
"69A5D73B42FE4E8F89C12610CA5D3AE0","La casa della bici","Casa bicic"," "," "," "," "," "," "," ","ADMIN","BPC-000009","La casa della bici","via Rima 11"," "," "," ","roma","IT","Italie","La casa della bici","Casa bicic"," "," ","     ","S.A."," "," "," "," ","001"," "," ","0","ADMIN","ADMIN"
"13E6E798852F4AEC90973E00CE4E47C3","Computer Land","Computer L","ROYER"," "," "," "," "," "," ","ADMIN","CEURFR017","Computer Land","7 rue Chevreul"," "," ","69000","LYON","FR","France","Computer Land","Computer L"," "," ","72.6Z"," "," "," "," "," ","AD1","ROYER","30003330581568974235874","0","ADMIN","ADMIN"
"2D631D69EE1348C3AB4BCF9FB5871F10","CLEMENTINI GIOCHI Spa","CLEMENTINI"," "," "," "," "," "," "," ","ADMIN","CEURIT033","Sede Legale","Viale Guidoni, 67"," "," ","50120","FIRENZE","IT","Italie","CLEMENTINI GIOCHI Spa","CLEMENTINI"," "," "," ","Spa"," "," "," "," ","SL"," "," ","0","ADMIN","ADMIN"
"5DF558AF2B024A08A68B105216FFE5B7","DUBOIS Jean-Louis","DUBOIS JL","DUBOISJL"," "," "," "," "," "," ","ADMIN","CTTCFR017","DUBOIS Jean-Louis","12 rue du Vieil Orme"," "," ","78120","Rambouillet","FR","France","DUBOIS Jean-Louis","DUBOIS JL"," "," "," "," "," "," "," "," ","AD1","DUBOISJL","30012014750526321574861","0","ADMIN","ADMIN"
"A563A0C19FB547E3B86E19A74611F29D","BASTINEAU Ingrid","BASTINEAU"," "," "," "," "," "," "," ","ADMIN","CTTCFR024","BASTINEAU Ingrid","2 allée Léon Gambetta"," "," ","13001","MARSEILLE 1ER ARRONDISSEM","FR","France","BASTINEAU Ingrid","BASTINEAU"," "," "," "," "," "," "," "," ","AD1"," ","30006302682600123521038","0","ADMIN","ADMIN"
"EC67062E659C420187E23D7F66DB3845","DUMAS Georges","DUMAS G."," "," "," "," "," "," "," ","ADMIN","CTTCFR028","DUMAS Georges","175 boulevard Plombières"," "," ","13003","MARSEILLE 3EME ARRONDISSE","FR","France","DUMAS Georges","DUMAS G."," "," "," "," "," "," "," "," ","AD1"," ","30006302680236230521507","0","ADMIN","ADMIN"
"77C52B128270423CBC399A223E27547C","MARCHIX Bertrand","MARCHIX B."," "," "," "," "," "," "," ","ADMIN","CTTCFR033","MARCHIX Bertrand","12 boulevard Jean Jaurès"," "," ","13400","AUBAGNE","FR","France","MARCHIX Bertrand","MARCHIX B."," "," "," "," "," "," "," "," ","AD1"," ","30006019450156201274541","0","ADMIN","ADMIN"
"67BE9E207B0C4C84A0ACDFAEF253DD13","MARTY Christan","MARTY C"," "," "," "," "," "," "," ","ADMIN","CTTCFR039","MARTY Christian","321 avenue de la Marne"," "," ","75020","PARIS 20EME ARRONDISSEMENT","FR","France","MARTY Christan","MARTY C"," "," "," "," "," "," "," "," ","AD1"," ","30006026410236280012480"," ","ADMIN","ADMIN"
"0F72ACAED21A4D678F213A902ACAE2C1","OTTAVIANI Mario","OTTAVIANI","OTTAVIANI"," "," "," "," "," ","ADMIN","XJLT","CTTCIT008","OTTAVIANI Mario","220, v. Manzoni"," "," ","80123","Naples","IT","Italie","OTTAVIANI Mario","OTTAVIANI"," "," "," "," "," "," "," "," ","AD1","OTTAVIANI"," "," ","ADMIN","XJLT"
"8CB1273085D04B0C845CBFE677244A99","Induselec","Induselec","MUSTER"," "," "," "," "," ","ADMIN","XJLT","EURFR021","Induselec","25 avenue Beaulieu"," "," ","28000","CHARTRES","FR","France","Induselec","Induselec"," "," ","30.0C"," "," "," "," "," ","AD1","MUSTER","30056256891145777866666","0","ADMIN","XLD"
"53492D4F2B9548679092CE14F2D002B9","Espace Vélos*","EspaceVél","BEZACE"," "," "," "," "," "," ","ADMIN","EURFR055","Espace Vélos","31 av Ancien Champ de Mars"," "," ","66000","PERPIGNAN","FR","France","Espace Vélos*","EspaceVél"," "," ","50.4Z"," "," "," "," "," ","AD1","BEZACE","15555105501254889966551","0","ADMIN","ADMIN"
"DC23ACF850D24ED6A10C7502F2F195AC","Pittsburgh","Pittsburgh"," "," "," "," "," "," ","XLD","XLD","F2001","SEDE LEGALE","Inter-site"," "," ","15090","Wexford","US","United States of America","Pittsburgh","Pittsburgh"," "," "," ","F2001"," "," "," "," ","SL"," "," ","0","XLD","XLD"
"DC23ACF850D24ED6A10C7502F2F195AC","Pittsburgh","Pittsburgh"," "," "," "," "," "," ","XLD","XLD","F2001","SEDE LEGALE","Inter-site"," "," ","15090","Wexford","US","United States of America","Pittsburgh","Pittsburgh"," "," "," ","F2001"," "," "," "," ","SL"," "," ","0","XLD","XLD"
"3F3BCD68255B46E2903BF2008B915BEF","Florida","Florida"," "," "," "," "," "," "," ","ADMIN","F2002","Florida Distributor","123 Boulevard Avenue"," "," ","12122","Tampa","US","Etats-Unis","Florida","Florida"," "," "," ","F2002"," "," "," "," ","FL"," "," ","0","XLD","ADMIN"
"0A27B9E5B6C244C1B953FA591435F145","Cycles Liberty","Cycles Lib","000000000000017"," "," "," "," "," "," ","ADMIN","EURFR070","Cycles Liberty","Z.A.C des Orbes","3 Rue du Galibier"," ","55130","ABAINVILLE","FR","France","Cycles Liberty","Cycles Lib"," "," "," "," "," "," "," "," ","AD1"," ","30007049702568974566675"," ","ADMIN","ADMIN"
"8CCFD773544C4BC1BCB6E668BA5119F2","Info Distribution"," ","PANIS"," "," "," "," "," "," ","ADMIN","F31","Site Marseillais","Chemin de St Jean du Désert"," "," ","13000","MARSEILLE","FR","France","Info Distribution"," "," "," "," "," "," "," ","0123"," ","AD1","PANIS","10107003492345678901219","0","ADMIN","ADMIN"
"F0944956A16941E78E84A6AD5FAD8B39","Computer Melun"," ","000000000000005"," "," "," "," "," "," ","ADMIN","F51","Site F51","2 rue Paul Doumer"," "," ","77000","MELUN","FR","France","Computer Melun"," "," "," "," "," "," "," "," "," ","AD1","000000000000005","30004480581234123412360"," ","ADMIN","ADMIN"
"E2B8FE4664A14A2ABA5024BF9B2B7506","Computer Grenoble"," ","000000000000004"," "," "," "," "," "," ","ADMIN","F52","Site F52","52 Boulevard Jean Pain"," "," ","38000","GRENOBLE","FR","France","Computer Grenoble"," "," "," "," "," "," "," "," "," ","AD1","000000000000004","30004018882345691238746"," ","ADMIN","ADMIN"
"B84A2F0BD1634FDBAB027B52D5DBD2DB","Leroy","Leroy"," "," "," "," "," "," ","ADMIN","XJCC","LEROY","Leroy Central","Av Herrera Oria 34"," "," ","28030","MADRID","ES","España","Leroy","Leroy"," "," "," ","S.A."," "," "," "," ","001"," "," ","0","ADMIN","ADSPA"
"093630B8C8854F6CBB2FB8DFC605646F","Cycles Guerrot"," ","000000000000018"," "," "," "," "," "," ","ADMIN","MST001"," ","111 rue des charmettes"," "," ","69006","LYON 6EME ARRONDISSEMENT","FR","France","Cycles Guerrot"," "," "," "," "," "," "," "," "," ","AD1","000000000000018"," ","0","MST","ADMIN"
"F32D8B5526F3458E9993BED15CE58711","Cycles Guerrot","MST003","000000000000018"," "," "," "," "," ","MST","MST","MST003","MST003"," "," "," "," "," ","FR"," ","Cycles Guerrot","MST003"," "," "," "," "," "," "," "," ","AD1","000000000000018"," "," ","MST","MST"
"392A4C04A105499899F8D440D87101BC","Bike City Prod Porto"," ","FERREIRA"," "," "," "," "," "," ","ADMIN","P22"," "," "," "," "," "," ","FR","France","Bike City Prod Porto"," "," "," "," "," "," "," ","0123"," ","001","FERREIRA"," ","0","ERP","ADMIN"
"1502183DDED4401CA2EB288189422D49","Bike City Prod Lisbonne"," ","FERREIRA"," "," "," "," "," "," ","ADMIN","P62","Site P62"," "," "," "," "," ","FR","France","Bike City Prod Lisbonne"," "," "," "," "," "," "," "," "," ","001","FERREIRA"," ","0","ADMIN","ADMIN"
"00B68A2B81654D3986736669B00D0ED7","SCIARRO Jérôme","SCIARRO J.","SCIARRO"," "," "," "," "," ","ADMIN","ADMIN","PRO002"," ","12 rue de la part dieu"," "," ","69003","LYON 3EME ARRONDISSEMENT","FR","France","SCIARRO Jérôme","SCIARRO J."," "," "," "," "," "," "," "," ","AD1","SCIARRO"," "," ","ADMIN","ADMIN"
"056DF28A35DF487C860AD53EDFF928A6","Planta Madrid","Planta MAD","000000000000031"," "," "," "," "," ","ADMIN","XCJ","C100","Sede Madrid","Paseo de la Castellana 120"," "," ","28034","MADRID","ES","España","Planta Madrid","Planta MAD"," "," "," "," "," "," "," "," ","001","000000000000031","00000000000000000000","0","ADMIN","XLD"
"9CCB9026F9D14AE387E300D319BF9765","Computer Lyon"," ","000000000000004"," "," "," "," "," "," ","ADMIN","F12","Site F12","321 cours Lafayette"," "," ","69001","LYON 1ER ARRONDISSEMENT","FR","France","Computer Lyon"," "," "," "," "," "," "," ","0123"," ","AD1","000000000000004","30004018882345691238746","0","ADMIN","ADMIN"
"F0944956A16941E78E84A6AD5FAD8B39","Computer Melun"," ","000000000000005"," "," "," "," "," "," ","ADMIN","F51","Site F51","2 rue Paul Doumer"," "," ","77000","MELUN","FR","France","Computer Melun"," "," "," "," "," "," "," "," "," ","AD1","000000000000005","30004480581234123412360"," ","ADMIN","ADMIN"
"4EC158A94A394D0DBE9722ADC0A78552","Sito produttivo SIB","FIRENZE"," "," "," "," "," "," "," ","ADMIN","P1401","SEDE LEGALE","LUNGO  ARNO 25"," "," ","10100","FIRENZE","IT","Italie","Sito produttivo SIB","FIRENZE"," "," "," "," "," "," "," "," ","SL"," "," ","0","ADITA","ADMIN"
"8C7BD2ABA4AE4AE0B0BA7187184A1008","MADRID Material Informático","Madrid Mat","DOMINGUEZ"," "," "," "," "," ","ADMIN","XSR","CEURES016","MADRID Material Informático","Albarracín, 33"," "," ","28037","Madrid","ES","Espagne","MADRID Material Informático","Madrid Mat","ES7237820"," "," "," "," "," "," "," ","AD1","DOMINGUEZ","21000418450200051332","0","ADMIN","XLD"
"2263D0E381594C8EB31D0538F1C75951","Bike City Bayonne"," ","DUBOIS"," "," "," "," "," "," ","ADMIN","F62","Site F62","7 avenue du Maréchal Leclerc"," "," ","64100","BAYONNE","FR","France","Bike City Bayonne"," "," "," "," "," "," "," "," "," ","AD1","DUBOIS","30003330588871125609179"," ","ADMIN","ADMIN"
"1B0B0FA978F74BF58120D7215A8078C6","Info Distribution Nice"," ","PANIS"," "," "," "," "," "," ","ADMIN","F71","Site F71","70 corniche Fleurie"," "," ","06000","NICE","FR","France","Info Distribution Nice"," "," "," "," "," "," "," "," "," ","AD1","PANIS","10107003492345678901219"," ","ADMIN","ADMIN"
"9F0C59C4540C4668B2B8693EA657C27F","US Computers","US Compute","REPRES019"," "," "," "," "," ","ADMIN","XJLT","CUSDUS029"," ","1230 Park Ave"," "," ","10021","New York","US","Stati Uniti","US Computers","US Compute"," "," "," "," "," "," "," "," ","001","REPRES019","09090893289829","0","ADMIN","XLD"
"A658BC8B7CE348C6ACF52E8CBD2816CC","LAFARGE Marc","LAFARGE M.","LAFARGE"," "," "," "," "," "," ","ADMIN","CTTCFR002","LAFARGE Marc","34 rue Louis Barousse"," "," ","31800","SAINT GAUDENS","FR","France","LAFARGE Marc","LAFARGE M."," "," "," "," "," "," "," "," ","AD1","LAFARGE","30002062821474025125647","0","ADMIN","ADMIN"
"5738BBDEA35149C6924C2FCBC307EE13","LEJEUNE Emilie","LEJEUNE E."," "," "," "," "," "," "," ","ADMIN","CTTCFR003","LEJEUNE Emilie","39 avenue de Verdun"," "," ","33500","LIBOURNE","FR","France","LEJEUNE Emilie","LEJEUNE E."," "," "," "," "," "," "," "," ","AD1"," ","30006157420000052157423","0","ADMIN","ADMIN"
"0BC05A994A7A40608804E67E4A53791B","GOMIER Jean","GOMIER J.","GOMIER"," "," "," "," "," "," ","ADMIN","CTTCFR004","GOMIER Jean","5 avenue des Abeilles"," "," ","33950","Lège Cap Ferret","FR","France","GOMIER Jean","GOMIER J."," "," "," "," "," "," "," "," ","AD1","GOMIER","30006157421234552157451","0","ADMIN","ADMIN"
"024EACCCB6CE48A8ADAE5649845AD79C","STEIN Albert","STEIN A.","STEIN"," "," "," "," "," "," ","ADMIN","CTTCFR005","STEIN Albert","39 route des Romains"," "," ","67000","STRASBOURG","FR","France","STEIN Albert","STEIN A."," "," "," "," "," "," "," "," ","AD1","STEIN","30006625748596213567451","0","ADMIN","ADMIN"
"23B03F70A60146A6AE814A137ED317D1","LEGENDRE Jean-Pierre","LEGENDRE","LEGENDRE"," "," "," "," "," "," ","ADMIN","CTTCFR010","LEGENDRE Jean-Pierre","57 avenue Henri Martin"," "," ","75016","PARIS 16EME ARRONDISSEMENT","FR","France","LEGENDRE Jean-Pierre","LEGENDRE"," "," "," "," "," "," "," "," ","AD1","LEGENDRE","30006203218596213567448","0","ADMIN","ADMIN"
"1F622CD13DFB42CCB355DD55F140490D","FOURNIER Patrice","FOURNIER P","FOURNIER"," "," "," "," "," "," ","ADMIN","CTTCFR011","FOURNIER Patrice","1 rue du Vauvarois"," "," ","95000","Cergy Pontoise","FR","France","FOURNIER Patrice","FOURNIER P"," "," "," "," "," "," "," "," ","AD1","FOURNIER","30006856800002302125176","0","ADMIN","ADMIN"
"7C7AD93F2C7F49858D4763A4DDDDDC39","GENTIL Olivier","GENTIL O.","GENTIL"," "," "," "," "," "," ","ADMIN","CTTCFR012","GENTIL Olivier","9 avenue des Parcs"," "," ","91000","EVRY","FR","France","GENTIL Olivier","GENTIL O."," "," "," "," "," "," "," "," ","AD1","GENTIL","30010023620000001256X12","0","ADMIN","ADMIN"
"FA9756E6460949F5B0C21C98A33F0FA1","GALLOIS Henri","GALLOIS H.","GALLOIS"," "," "," "," "," "," ","ADMIN","CTTCFR013","GALLOIS Henri","3 rue des Fosses"," "," ","77000","MELUN","FR","France","GALLOIS Henri","GALLOIS H."," "," "," "," "," "," "," "," ","AD1","GALLOIS","30010003600000051275A10","0","ADMIN","ADMIN"
"EEAAF66532C6430F9D42B66F629FFCF0","MARTIN Adrien","MARTIN A.","MARTIN"," "," "," "," "," "," ","ADMIN","CTTCFR014","MARTIN Adrien","7 rue du Général Leclerc"," "," ","92130","ISSY LES MOULINEAUX","FR","France","MARTIN Adrien","MARTIN A."," "," "," "," "," "," "," "," ","AD1","MARTIN","30010051202301254785415","0","ADMIN","ADMIN"
"F7A1E89DABDE4B28A3EE6A1106802D2C","GAILLARD Jules","GAILLARD J","GAILLARD"," "," "," "," "," "," ","ADMIN","CTTCFR015","GAILLARD Jules","7 rue du Landy"," "," ","93400","ST OUEN","FR","France","GAILLARD Jules","GAILLARD J"," "," "," "," "," "," "," "," ","AD1","GAILLARD","30010062030123201526396","0","ADMIN","ADMIN"
"537BB050BB6B4653BA19B51E89B32109","DAUPHIN Monique","DAUPHIN M.","DAUPHIN"," "," "," "," "," "," ","ADMIN","CTTCFR016","DAUPHIN Monique","56 avenue Pierre Curie"," "," ","95500","Gonesse","FR","France","DAUPHIN Monique","DAUPHIN M."," "," "," "," "," "," "," "," ","AD1","DAUPHIN","30012014750526328596206","0","ADMIN","ADMIN"
"96B3F5801BDC4957987EE0868228B536","PARIS Micheline","PARIS M.","PARIS"," "," "," "," "," "," ","ADMIN","CTTCFR018","PARIS Micheline","3 rue Mazard"," "," ","69000","LYON","FR","France","PARIS Micheline","PARIS M."," "," "," "," "," "," "," "," ","AD1","PARIS","30012014750230128596247","0","ADMIN","ADMIN"
"D24BA0F458804B0CBE51894285C21D9A","ANDRE Nathan","ANDRE N.","ANDRE"," "," "," "," "," "," ","ADMIN","CTTCFR019","ANDRE Nathan","12 chemin de la Laurelle"," "," ","38240","MEYLAN","FR","France","ANDRE Nathan","ANDRE N."," "," "," "," "," "," "," "," ","AD1","ANDRE","30012014750001274589A30","0","ADMIN","ADMIN"
"E41D1478A19044FDA44B2819994044F4","ANDRIEUX Bernard","ANDRIEUX B","ANDRIEUX"," "," "," "," "," "," ","ADMIN","CTTCFR020","ANDRIEUX Bernard","2 rue Sermorens"," "," ","38500","VOIRON","FR","France","ANDRIEUX Bernard","ANDRIEUX B"," "," "," "," "," "," "," "," ","AD1","ANDRIEUX","30012014750126396857R39","0","ADMIN","ADMIN"
"5D114C69D73544EF8481B9F1F324DDA2","SATTORI Michele","SATTORI M.","SATTORI"," "," "," "," "," ","ADMIN","XJLT","CTTCIT009","SATTORI Michele","29, v. Zuretti"," "," ","10126","Turin","IT","Italie","SATTORI Michele","SATTORI M."," "," "," "," "," "," "," "," ","AD1","SATTORI"," "," ","ADMIN","XJLT"
"6178653FC70242E087E935A3095D62B0","FREEMAN Paul","FREEMAN P.","FREEMAN"," "," "," "," "," ","ADMIN","XJLT","CTTCUS006","FREEMAN Paul","330 W 42nd St Lbby 2"," "," ","10036","New York","US","Stati Uniti","FREEMAN Paul","FREEMAN P."," "," "," "," "," "," "," "," ","AD1","FREEMAN","09090893289829","0","ADMIN","XLD"
"0D6EE923C37441B494B3CAABD8C01217","Training site T93","Training","000000000000007"," "," "," "," "," ","MST"," ","T93","Site T93","Anfield Road"," "," "," "," ","GB","United Kingdom","Training site T93","Training"," "," "," "," "," "," "," "," ","AD1","000000000000007"," ","0","MST","XLD"
"AFBA9ECD25CC4CC7A189DAF5288CF1EF","ALCAMPO ESPAÑA, S.A.","ALCAMPO","000000000000033","8978761"," "," ","BPC~00000001","BPC~00000002","ADMIN","ADSPA","ALCAMPO","ALCAMPO ESPAÑA, S.A.","CASTELLA 34"," "," ","28033","MADRID","ES","España","ALCAMPO ESPAÑA, S.A.","ALCAMPO"," ","05272727T"," ","S.A."," "," "," "," ","001","000000000000033","000000000000000000000","0","ADMIN","XLD"
"E1F75206DD9B43AA8CA26DE46EC3B4FD","USC","USC"," "," "," "," "," "," "," ","ADMIN","USC","USC"," "," "," "," "," ","US","Etats-Unis","USC","USC"," "," "," "," "," "," "," "," ","001"," "," ","0","ADMIN","ADMIN"
"DF75DFDF5DA8423CAFC09E90D4EFF7F2","Continente","Continente"," "," "," "," "," "," ","ADMIN","XJCC","CONTINENTE","Contiente Central","Pso de las acacias 88"," "," ","28002","MADRID","ES","España","Continente","Continente"," "," "," ","S.A."," "," "," "," ","001"," "," ","0","ADMIN","ADSPA"
"056DF28A35DF487C860AD53EDFF928A6","Planta Madrid","Planta MAD","000000000000031"," "," "," "," "," ","ADMIN","XCJ","C100","Sede Madrid","Paseo de la Castellana 120"," "," ","28034","MADRID","ES","España","Planta Madrid","Planta MAD"," "," "," "," "," "," "," "," ","001","000000000000031","00000000000000000000","0","ADMIN","XLD"
"6C3FF80DDAB545629EA9D3D861D47FCA","Sito finanziario SIB","TORINO"," "," "," "," "," "," "," ","ADMIN","F1401","SEDE LEGALE","CORSO UNIONE SOVIETICA 612/21"," "," ","10100","TORINO","IT","Italie","Sito finanziario SIB","TORINO"," "," "," "," "," "," "," "," ","SL"," "," ","0","ADITA","ADMIN"
"4EC158A94A394D0DBE9722ADC0A78552","Sito produttivo SIB","FIRENZE"," "," "," "," "," "," "," ","ADMIN","P1401","SEDE LEGALE","LUNGO  ARNO 25"," "," ","10100","FIRENZE","IT","Italie","Sito produttivo SIB","FIRENZE"," "," "," "," "," "," "," "," ","SL"," "," ","0","ADITA","ADMIN"
"1BC5E7E4F8884D8EB1B815013AE792BC","DGL srl","DGL"," "," "," "," "," "," "," ","ADMIN","EURIT081","Sede","via Novara 144"," "," ","20100","MILANO","IT","Italie","DGL srl","DGL"," "," "," "," "," "," "," "," ","001"," ","000000000000000000000"," ","XEZ","ADMIN"
"0D6000C5A22948D3AFBE5AE59B430E24","INTENDO srl","INTENDO"," "," "," "," "," "," "," ","ADMIN","EURIT082","Sede","via Napoleone 25/B"," "," ","10110","Torino","IT","Italie","INTENDO srl","INTENDO"," "," "," "," "," "," "," "," ","001"," ","000000000000000000000"," ","XEZ","ADMIN"
"879C3C423AFE407D98A81DBA87F95C8D","ALINFO INFORMATICA S.L.","ALINFO","000000000000035"," "," "," "," "," ","XJCC","XJCC","ALINFO","ALINFO","C/ Julián Camarillo 323"," "," ","28027","MADRID","ES","España","ALINFO INFORMATICA S.L.","ALINFO"," "," "," ","S.A."," "," "," "," ","001","000000000000035"," ","0","XJCC","XLD"
"FE54C1A59E3D4A5699CB1442BB3F75F8","Bike City Metz"," ","VENTURA"," "," "," "," "," "," ","ADMIN","F61","Site F61","3 place Gabriel Hocquard"," "," ","57000","METZ","FR","France","Bike City Metz"," "," "," "," "," "," "," "," "," ","AD1","VENTURA","30002008006111265567830"," ","ADMIN","ADMIN"
"2263D0E381594C8EB31D0538F1C75951","Bike City Bayonne"," ","DUBOIS"," "," "," "," "," "," ","ADMIN","F62","Site F62","7 avenue du Maréchal Leclerc"," "," ","64100","BAYONNE","FR","France","Bike City Bayonne"," "," "," "," "," "," "," "," "," ","AD1","DUBOIS","30003330588871125609179"," ","ADMIN","ADMIN"
"1B0B0FA978F74BF58120D7215A8078C6","Info Distribution Nice"," ","PANIS"," "," "," "," "," "," ","ADMIN","F71","Site F71","70 corniche Fleurie"," "," ","06000","NICE","FR","France","Info Distribution Nice"," "," "," "," "," "," "," "," "," ","AD1","PANIS","10107003492345678901219"," ","ADMIN","ADMIN"
"A1A7B70BC0D841CC96AE28B54F02699B","il mondo informatico","il mondo"," "," "," "," "," "," ","ADMIN","XJLT","CEURIT023","il mundo informatico","10, v. Manzoni"," "," "," "," ","IT","Italie","il mondo informatico","il mondo","IT03492240175"," ","     "," "," "," "," "," ","AD1"," "," ","0","ADMIN","XCJ"
"3BDF5C4DC168464498CA0F418365C5D2","Bike City Bordeaux"," ","DUBOIS"," "," "," "," "," "," ","ADMIN","F22","Site Bordelais","57 rue Boileau"," "," ","33000","BORDEAUX","FR","France","Bike City Bordeaux"," "," "," "," "," "," "," ","0123"," ","AD1","DUBOIS","30003330588871125609179","0","ADMIN","ADMIN"
"5DC89B0772744854BE1162E1147C098A","Scholls Bikes","Scholls"," "," "," "," "," "," ","XLD","XLD","BPC-000002","Pittsburgh Sales Ctr.","1000 Georgetowne Dr.","Suite 1000"," ","16066","Cranberry Township","US","United States of America","Scholls Bikes","Scholls"," "," ","     "," "," "," "," "," ","1"," "," ","0","XLD","XLD"
"0C75C821373A4016981149A3415BFDF6","Newcastle","Newcastle","000000000000012"," "," "," "," "," "," ","ADMIN","B20","North Park","North Park","New Castle"," ","NE13 9AA","NewCastle","GB","Royaume Uni","Newcastle","Newcastle"," "," "," "," "," "," "," "," ","1","000000000000012"," ","0","ADBRI","ADMIN"
"87219BBC55704065B6DDDDD25BB18A98","Salford","Salford","000000000000012"," "," "," "," "," "," ","ADMIN","B21","Salford","Salford","Manchester"," ","M62 1XX","Salford","GB","Royaume Uni","Salford","Salford"," "," "," "," "," "," "," "," ","1","000000000000012"," ","0","ADBRI","ADMIN"
"3840A39CB44D437A9E9D98756EC7316D","Str Vélo","Str Vélo","HUGOLIN"," "," "," "," "," "," ","ADMIN","EURFR069","Vélo Pièces","Route de Monnaz"," "," ","74970","MARIGNIER","FR","France","Str Vélo","Str Vélo"," "," ","50.4Z"," "," "," "," "," ","AD1"," ","30007049702568974566675"," ","ADMIN","ADMIN"
"8A495F7FE4534FE3843326053C4BD818","Estabel. Portugal","Est. Port."," "," "," "," "," "," "," ","ADMIN","E120","Estab. Portugal"," "," "," "," "," ","PT","Portugal","Estabel. Portugal","Est. Port."," ","500618482"," "," "," "," "," "," ","M1"," "," ","0","ADBRI","ADMIN"
"1446C26285FC4622ABE3A282AA4F03D8","Espace Vélos","EspaceVél","BEZACE"," "," "," "," "," "," ","ADMIN","CEURFR030","Espace Vélos","31 av Ancien Champ de Mars"," "," ","66000","PERPIGNAN","FR","France","Espace Vélos","EspaceVél"," "," ","50.4Z"," "," "," "," "," ","AD1","BEZACE","15555105501254889966551","0","ADMIN","ADMIN"
"6C3FF80DDAB545629EA9D3D861D47FCA","Sito finanziario SIB","TORINO"," "," "," "," "," "," "," ","ADMIN","F1401","SEDE LEGALE","CORSO UNIONE SOVIETICA 612/21"," "," ","10100","TORINO","IT","Italie","Sito finanziario SIB","TORINO"," "," "," "," "," "," "," "," ","SL"," "," ","0","ADITA","ADMIN"
"2F58701C64484ADA85BD14365D85ADD5","Marion´s Company","CMST001"," "," "," "," "," "," "," ","ADMIN","BPC-000013"," ","Main Streeet"," "," "," ","Newcastle","GB","Royaume Uni","Marion´s Company","CMST001"," "," "," "," "," "," "," "," ","1"," "," ","0","MST","ADMIN"
"95069745240D41AB9E15DDEEBBB73F0D","中国客户-信控","CN001"," "," "," "," "," "," "," ","ADMIN","CCNYCN036","cn1"," "," "," "," "," ","CN","Chine","中国客户-信控","CN001"," "," "," "," "," "," "," "," ","CN1"," "," ","0","ADCHI","ADMIN"
"765DF3DFF19842A4876AA16C1892CD39","中国客户-非信控","CN2"," "," "," "," "," "," "," ","ADMIN","CCNYCN037","cn1"," "," "," "," "," ","CN","Chine","中国客户-非信控","CN2"," "," "," "," "," "," "," "," ","CN1"," "," ","0","ADCHI","ADMIN"
"AE216B39F83344179B3C6187D5C1FCE1","美元客户-非信控","CN3"," "," "," "," "," "," "," ","ADMIN","CUSDCN038","cn1"," "," "," "," "," ","CN","Chine","美元客户-非信控","CN3"," "," "," "," "," "," "," "," ","CN1"," "," ","0","ADCHI","ADMIN"
"5A9ACA07E50A4242A4085F614FE22188","Cycles Guerrot","Cycles Gue","000000000000018"," "," "," "," "," ","XSD"," ","PRO004"," ","111 rue des charmettes"," "," ","69006","LYON 6EME ARRONDISSEMENT","FR","France","Cycles Guerrot","Cycles Gue"," "," "," "," "," "," "," "," ","AD1","000000000000018"," ","0","XSD","XLD"
"328A5839AD694EBD911EF681F4E2F945","Gomyl. S.A.","Gomyl"," "," "," "," "," "," ","XLC","ADPOR","BPC-000003"," "," "," "," ","28060","Meco","ES","España","Gomyl. S.A.","Gomyl"," "," "," ","S.A."," "," "," "," ","001"," ","123411234121234567890","1","XLC","XLD"
"4CC9292A678E41978E0921E65B59A906","Decathlon World Wide","Decat ww"," "," "," "," "," "," "," ","ADMIN","BPC-000004"," ","Rua de Lisboa"," "," ","2785"," ","PT","Portugal","Decathlon World Wide","Decat ww","PT500023417","500023417","     ","SA"," "," "," "," ","M1"," "," ","0","ADPOR","ADMIN"
"0D35342AEF9E4EEAAB2097CC14A42872","Smile & son","Smile"," "," "," "," "," "," ","XJCC","ADPOR","BPC-000006","Social","Paseo de Janeiro 123"," "," ","10050","Brasilea","BR","Brasil","Smile & son","Smile"," "," "," "," "," "," "," "," ","001"," "," ","0","XJCC","XLD"
"DDCDD74D5A2741C8A088FAAE81745B3B","Laboratorios CHEMI","Lab.CHEMI"," "," "," "," "," "," "," ","ADMIN","BPC-000008"," "," "," "," "," "," ","AR","Argentine","Laboratorios CHEMI","Lab.CHEMI"," "," ","     ","S.A."," "," "," "," ","001"," "," ","0","XLC","ADMIN"
"1502183DDED4401CA2EB288189422D49","Bike City Prod Lisbonne"," ","FERREIRA"," "," "," "," "," "," ","ADMIN","P62","Site P62"," "," "," "," "," ","FR","France","Bike City Prod Lisbonne"," "," "," "," "," "," "," "," "," ","001","FERREIRA"," ","0","ADMIN","ADMIN"
